1%,1.5%,2%,2.5%,3%,3.5%
0.009999999999999946,0.015000000000000015,0.02000000000000005,0.025000000000000053,0.030000000000000023,0.03500000000000002
0.009999880399217596,0.014999880399217595,0.019999880399217542,0.0249998803992176,0.02999988039921759,0.03499988039921758
0.010000078001896484,0.015000078001896509,0.020000078001896487,0.025000078001896495,0.030000078001896482,0.035000078001896515
0.00999658973091559,0.014996589730915583,0.019996589730915594,0.0249965897309156,0.02999658973091557,0.0349965897309156
0.009984412766446536,0.014984412766446544,0.019984412766446535,0.024984412766446543,0.02998441276644655,0.03498441276644655
0.009978838068370193,0.014978834329375983,0.01997883432937599,0.024978834329375976,0.02997883432937599,0.03497883432937598
0.009973157875093371,0.014972872690321229,0.019972872690321223,0.024972872690321224,0.029972872690321218,0.03497287269032124
0.00995933419872685,0.014958127683257254,0.01995812768325724,0.024958127683257243,0.029958127683257247,0.03495812768325724
0.009945791694759383,0.014943569865887688,0.01994356986588769,0.02494356986588769,0.02994356986588768,0.03494356986588769
0.009932817468259858,0.014929268370642434,0.01992920490508391,0.02492920490508391,0.029929204905083905,0.03492920490508392
0.009917425970300217,0.014912152541030767,0.01991191523306403,0.02491191523306403,0.029911915233064027,0.034911915233064035
0.009899939227979555,0.014892285750834762,0.01989187937925984,0.024891879379259848,0.029891879379259842,0.03489187937925984
0.0098820349976785,0.014870729791717484,0.019870137115312207,0.02487013711531221,0.0298701371153122,0.0348701371153122
0.009865634094704132,0.014849674131792218,0.01984903653682672,0.024848906793847454,0.029848906793847437,0.03484890679384745
0.009850432437302705,0.0148285360428339,0.01982775412169052,0.024827479033271507,0.0298274790332715,0.03482747903327151
0.009832672460227882,0.014803679710114861,0.019802639420111772,0.024802224242400386,0.029802224242400383,0.03480222424240039
0.009817814587973697,0.014781380868382887,0.019779803213962836,0.024779252021631695,0.02977925202163169,0.034779252021631686
0.00980271077670317,0.01475788551363976,0.01975566024858053,0.024754951857259722,0.029754951857259723,0.03475495185725973
0.009786832500820724,0.014733061720205384,0.01972994863223101,0.024729185565194396,0.029729079204379685,0.03472907920437969
0.009770943674701733,0.014707629337098219,0.019703597661671776,0.024702817821582287,0.029702587352429748,0.03470258735242975
0.009754626880505,0.014681016142002285,0.01967577061452344,0.024674973697751644,0.029674601370312557,0.034674601370312565
0.009738290334895818,0.014654167130865014,0.01964695689527057,0.024646142589195785,0.029645619827006368,0.034645619827006376
0.009720582412442861,0.014624703842501797,0.019615226948252434,0.024614394975466157,0.029613713974373266,0.034613713974373274
0.009703224428238802,0.014594903827543228,0.0195829200912418,0.02458201870903581,0.029581188490219835,0.03458118849021984
0.009685382241383343,0.014563590749236974,0.01954882969489245,0.024547677114779544,0.029546693298978473,0.03454668484611899
0.009667253946351343,0.014531591847528509,0.019513826819787812,0.024512351949334567,0.029511342035607218,0.03451119797341545
0.009648918880383864,0.014498860688268436,0.019477643851992014,0.024475820757190483,0.029474784158104044,0.03447449603895592
0.009630056141354607,0.01446540471208184,0.019440321752421785,0.02443810172568311,0.029437037847061753,0.03443659917091381
0.00961091037898956,0.014431296564992318,0.019402075111264617,0.024399307589747683,0.029398215827865233,0.034397619625452715
0.009590655525721215,0.014395355990183045,0.019361711013814887,0.024358161994458182,0.029357041782181244,0.03435629917287438
0.009569117443243349,0.01435810769023943,0.019319841053459314,0.024315190561931252,0.029314041315150172,0.03431317173622189
0.009546322879801136,0.014319215575859929,0.019275702866409703,0.024269998171482635,0.029268709927581352,0.034267707952849495
0.009522625074971935,0.014278837490708539,0.019229576626549172,0.024222778772797104,0.029221306118767713,0.034220142801102825
0.009498459541680816,0.01423770357575705,0.019182378722502176,0.024174441550304213,0.02917270870899047,0.03417136068384906
0.00947514248990103,0.014196705371046356,0.019135010416681225,0.02412591000524113,0.02912391197167676,0.03412239769337856
0.009451377997010449,0.014154744514572782,0.01908599517205412,0.024075283760758816,0.02907301463912071,0.03407145445646919
0.009427734557424777,0.014112799509536063,0.019036371126733766,0.02402359214721346,0.029021082385297117,0.03401947512866812
0.00940366748035889,0.014070355481374322,0.018985610536863793,0.023970610726033743,0.028967808352809935,0.03396615285493123
0.009380082667708583,0.01402806948446358,0.0189344218798659,0.023916894257406358,0.028913744567824005,0.03391203961151702
0.009356387199829749,0.013985083627246564,0.01888216524379183,0.023861794192647872,0.028858247158948625,0.033856491553635966
0.009333050527847527,0.013941307348979819,0.018828623883268267,0.023805156554002165,0.02880109788288097,0.033799272784963245
0.009308844314862775,0.013896062826196598,0.018773094060454607,0.023746426395443537,0.028741711253586426,0.03373968030194993
0.009284741804242658,0.013850732094149162,0.01871742814107815,0.023687448451513358,0.028681954302396173,0.03367968913923931
0.00926042212307922,0.013804616421425447,0.01866054212099786,0.023627174452130226,0.028620722212101025,0.03361821420779306
0.009235459897159662,0.013757792722031193,0.018602468360316014,0.02356557515491731,0.028557966276690164,0.03355519567226075
0.009210640633138298,0.013710666908472658,0.018543827591106555,0.02350309118113051,0.028494360456075375,0.033491289230465605
0.009184182041900036,0.013661582328074405,0.018482999958072864,0.02343783416748736,0.028427937266777892,0.03342456167239533
0.009157291829093469,0.013611306403988471,0.018420472350094728,0.023370453444115136,0.028359201303572255,0.03335550852743389
0.009130135555947874,0.01356039385222483,0.018356668730962672,0.023301521229322983,0.02828887862202262,0.033284798418389355
0.009103126880641832,0.01350994259768908,0.018292280702091754,0.023232006550813446,0.02821778153299397,0.03321328684150836
0.009076205150089327,0.013459651757644646,0.018227534594543186,0.023161488924329673,0.02814546490206184,0.033140565713675046
0.009048643177178996,0.013408814097253908,0.01816172464790817,0.023089560424181525,0.028071533809595824,0.03306622851596431
0.00902099193496394,0.013357580063970328,0.01809498421050528,0.023016205785581074,0.027996123099202765,0.032990616080950684
0.008992911465342437,0.013306344284994633,0.018027720908416558,0.022941836915697268,0.027919725586938452,0.03291390119477592
0.008964885570297156,0.013254622069167207,0.01795935099989353,0.022866086990170596,0.027841740773771127,0.032835550045313036
0.008936854128951026,0.013202245532788329,0.017890352948990423,0.022789285188788637,0.02776254105051598,0.032755939678354044
0.00890885050117896,0.013149524585127529,0.01782135442891377,0.022711849721692965,0.0276825002592606,0.03267522724085756
0.00888104546328285,0.013096560371717051,0.01775152018569108,0.022633352085150184,0.02760137983089179,0.03259319498370562
0.008852765604359715,0.013042940054420533,0.01768103091682058,0.022553577861337326,0.02751892646979258,0.032509595393632296
0.008824459606019096,0.012989128353359707,0.017609738982116988,0.022472669213540724,0.02743522896519167,0.03242446383928895
0.008795737225883159,0.012934757100714653,0.01753751837263235,0.02239035047976801,0.0273500408876694,0.03233752988989311
0.008766463665719036,0.012879449889327058,0.0174641759496117,0.02230645659250244,0.02726286861269719,0.032248565200998065
0.008737127648784352,0.012824693222095607,0.01739029976799773,0.022221743352990413,0.027174211678241477,0.032157997990484556
0.008707363625551877,0.012770146612100026,0.0173160939838244,0.022136380706969456,0.027084564130527344,0.032066402505802914
0.008677072901436076,0.012715481349553838,0.01724163827727297,0.022050364887950466,0.0269943631679231,0.03197400189637483
0.008646464631827631,0.012660736346345914,0.01716654868132882,0.021963222153278242,0.026902626015570006,0.03187999108886694
0.008615888691015835,0.012605615947246612,0.017091409986328115,0.02187543607223611,0.026809709213224304,0.031784527003701844
0.008584813499738915,0.01254979770841651,0.017015832484690567,0.021786500980550988,0.026715220576596206,0.03168766913730066
0.008553677092038452,0.012493754513888155,0.016940079992921835,0.02169699184942423,0.026619530619468493,0.03158946097348305
0.008522323527447874,0.012437755167730484,0.016863826484100182,0.02160620990983958,0.02652235313667105,0.03148936525667124
0.008490708933045614,0.012381578224365353,0.016787236927199602,0.021514184331505787,0.02642381351591889,0.03138797828557697
0.008458964335527681,0.012325325377343148,0.016710227314086522,0.021421670833431578,0.02632437976630643,0.031286009304706125
0.00842748386591931,0.012269652917174755,0.016632959932253773,0.021328655163045145,0.026223883380419023,0.031183067057513288
0.008395587621785366,0.01221389213194247,0.01655540296084635,0.02123471751198677,0.026122212905264487,0.031079168485473332
0.00836377742043683,0.012158868605241534,0.016477976825843323,0.021140694498412042,0.02602002352042853,0.03097451635654562
0.00833219117916955,0.01210426683783488,0.016400674448872544,0.02104640305864419,0.02591700680445952,0.030868778414327513
0.008300860368820176,0.012050450285015049,0.01632372889147941,0.020952236867142097,0.025813599305994646,0.030762634093568796
0.008269444974113837,0.011996598697634026,0.016246840809458197,0.020858461624824014,0.02570940820161158,0.03065550564797005
0.008238109277452601,0.011942326215508302,0.01616921668814087,0.02076373500756609,0.025603258043756034,0.030546374652351178
0.008206461677796264,0.01188795364484818,0.0160910267671856,0.020668304152631108,0.025496148496913635,0.03043558867342988
0.008174456549830681,0.01183339481683716,0.016012584305169508,0.02057185640942921,0.02538790263730437,0.030323485028556772
0.008142376196832314,0.011778897724078826,0.015934283884421717,0.020474897189067486,0.025279167701859357,0.03021057718551381
0.008109801170594197,0.011723622622971244,0.015855092215945228,0.020376611118321574,0.025168681087139454,0.030095638926919174
0.008077521342188329,0.011668147544559618,0.015776079269224388,0.02027769587597862,0.02505682949681031,0.02997951980978462
0.008044891068837092,0.011612231359180441,0.015696409935377093,0.020177969962416848,0.024943883740089982,0.029862002964356843
0.008012049585069219,0.011556134362277998,0.015616115554374378,0.020077920004621653,0.024829369938838285,0.02974232959241736
0.007979185921430603,0.01150053852755984,0.015536315592992676,0.01997867710644604,0.024714381140059586,0.029621660599855857
0.007945966051080161,0.011444796859263001,0.015456341269908585,0.01987970621005842,0.02459882385896762,0.029499477161571645
0.007912507610932156,0.011388714903128023,0.015376566537260454,0.019779987371071166,0.024482336400785697,0.02937569690282489
0.007879404520925093,0.011333434050825016,0.015297268694991284,0.019680359159317515,0.02436581722248584,0.02925119371020583
0.007846134980551296,0.011277952246804645,0.015217621979962717,0.019580673516906445,0.02424892610845295,0.029125488188459007
0.007812527159029846,0.011222045040013251,0.015137316914927354,0.019479629050283,0.024130960048873905,0.02899809563982107
0.007778994517348918,0.01116628276994389,0.015057437081685377,0.01937871172300238,0.024012404400604266,0.02886955024968856
0.0077456851592892974,0.011111131921404017,0.01497829486483417,0.019278250645975544,0.02389353025929351,0.0287402535745253
0.00771212824812211,0.011055718335507437,0.014899139889822912,0.019176865491933703,0.023773608115165153,0.02860907551591917
0.007678508976628903,0.011000053749759113,0.014819659606707843,0.01907474990621246,0.023653026116072288,0.028476319213103188
0.007644958879963392,0.01094407424194092,0.014740135766035072,0.018971837302582076,0.02353152544980513,0.028341697794246504
0.007611658697080184,0.010888206434089042,0.01466074035059378,0.018869440185143055,0.023409917928218497,0.02820671097651033
0.007578678931590959,0.01083263558908039,0.014580976399560795,0.01876680847635116,0.023287947349981818,0.028071023698424204
0.007545831171613806,0.010777068884836151,0.01450130517579615,0.018663932469207917,0.023166450860157485,0.02793431955483891
0.007512777557327615,0.010721411186441826,0.014422043038789875,0.018561108756839324,0.023044776473196815,0.027796643541368685
0.007479634860107469,0.010665973071807212,0.01434333176028366,0.018458363863113832,0.022923244864301865,0.027658256168008592
0.0074468592331210694,0.010610770885240053,0.014264745974338092,0.018355925163240625,0.022802817293164145,0.027520237793137337
0.007414184661915667,0.010555940140919996,0.01418605435997045,0.01825323905202094,0.02268193135287784,0.027381243169931378
0.007381435230246609,0.010501379336730208,0.014107352043780597,0.018150667045690915,0.022560405962820263,0.027241042241007322
0.007348997621578687,0.010446926321937193,0.014029288839883736,0.018048450707485442,0.022438986010284604,0.027099914621476737
0.007316665360915512,0.01039272536505277,0.013951684768167352,0.01794651939410811,0.02231777186446154,0.02695919275287631
0.007284010723688566,0.010338411136383127,0.013874140006783543,0.017844414119762845,0.02219574544127043,0.026818313139235186
0.00725151545532842,0.01028429986480406,0.013796773209702906,0.01774294174208657,0.02207346465181593,0.026677242510954508
0.007218895465152093,0.010230474276065485,0.013719636109593212,0.017641616990701343,0.021950595267880204,0.026535205001958266
0.007186153424485056,0.01017680541356271,0.013642808903896686,0.01754057669883686,0.021827239236830567,0.026392990265908165
0.007153437840731057,0.010123255565506015,0.013566378870577017,0.017439800064278546,0.02170461323866963,0.0262510188123114
0.007120724219079958,0.010069797611360795,0.013490242565901879,0.01733951198525155,0.021582369503761915,0.026109750226508223
0.007087898558572538,0.010016151002700847,0.013413980970644583,0.017239613746072625,0.021460230433585716,0.025968681725156182
0.00705530650027984,0.009962321058376961,0.013338139384190187,0.01714002381517645,0.02133801167011759,0.02582686797479591
0.007022607908431735,0.009908552495711596,0.013261898964144788,0.017040208074738702,0.021215534969269752,0.025684020895080928
0.006989750822410082,0.009854529765090667,0.013185567036093577,0.016940116206729913,0.021093041042886257,0.025540743047005668
0.006956941707462418,0.009800962187592006,0.01310963731908666,0.016840579786099746,0.020970541626645193,0.02539764339292274
0.006924237898091383,0.009747750389060113,0.013033327868830873,0.016741472270141514,0.020847850816967838,0.02525370976656193
0.0068915536428187235,0.009694765496914387,0.012956983677110762,0.01664252997546741,0.020725538388881876,0.025109973600100047
0.006858992460520475,0.00964167330704822,0.01288051865007196,0.016543797583125606,0.020603168099149194,0.024966423978442554
0.0068266898534791644,0.009588770249064456,0.012804732980362513,0.016445814252428446,0.02048136781968428,0.024823464516212427
0.006794581403720593,0.009536459739575233,0.012729551721008902,0.016347814432409947,0.02035956700038176,0.024680943468225053
0.006762409640160846,0.009484503744959093,0.012655070840604321,0.01625049844233283,0.020238120177494864,0.024538752659302446
0.006730685846799576,0.009433023539808492,0.012580967646321876,0.01615350957795391,0.020117433917907865,0.02439733380701423
0.006699141132940386,0.009381488937595321,0.01250718117076945,0.016056402066667985,0.019996804200191436,0.0242561908363919
0.006667827974241347,0.009330226344144935,0.012433681480271854,0.015959835000731643,0.019876181737855693,0.024115574290101412
0.006636890988338933,0.00927928639182824,0.012360387411499946,0.015863590625650285,0.019756790941062388,0.02397486396936872
0.006605930089572208,0.00922864622518013,0.012287759754400452,0.0157678675677216,0.019638419694817926,0.023834292814682967
0.006575100270979366,0.009178220172561091,0.012216116392543238,0.01567246321001592,0.01952074006629545,0.023694032641919452
0.006544417120513235,0.009128004900227256,0.0121448778856829,0.015577358434231808,0.019403660338712048,0.023554135859045994
0.006514239296585355,0.009078349816234831,0.012074013604233094,0.015482783490986344,0.01928651448235277,0.023414384728422045
0.006484109610087329,0.009028911134554441,0.012003787442804253,0.015388907346762265,0.019169148945571833,0.023275056800456308
0.006453945118225175,0.008979532888755231,0.011933795200373465,0.01529522839228047,0.01905199071711667,0.023135732109460887
0.006424256566853759,0.008930522011326245,0.011864326832584711,0.01520201617661212,0.018935703763989037,0.022996447498897656
0.0063948857828113655,0.008881983832010587,0.011795223001581786,0.015109375772775916,0.018820105695824343,0.022857634705807445
0.006365795010391112,0.008833753853822006,0.011726320139201434,0.01501729303686797,0.01870503223981406,0.0227190254904138
0.006336858564499761,0.008786224087992036,0.011658088639904637,0.014925883104253653,0.018590430737710315,0.022581713468894662
0.006308121116340703,0.008738995692013222,0.011589882363617696,0.014834701245987385,0.018476251643141182,0.02244479815024696
0.006279427261399291,0.00869210509823545,0.01152189473325672,0.014744048628686363,0.018362945531327005,0.02230839600409551
0.006250825437956208,0.008645372726776693,0.011454216726521253,0.014653570619539766,0.01825066659742722,0.02217269597160155
0.006222577397494957,0.008599150459810375,0.011386914849294943,0.014563792601575703,0.018139492428349956,0.02203746483489033
0.006194198227804829,0.00855309728745202,0.011320255640821317,0.014474688121987565,0.018029018475551314,0.021901693734938096
0.006166190295392376,0.008507238775044154,0.011254267145575932,0.014386067418266495,0.01791943107990145,0.02176576010300011
0.006138265607984541,0.008461734013012394,0.011188976399819233,0.01429839944668491,0.017810542386086536,0.021631291959268953
0.006110435838429789,0.00841684867536666,0.011124199090656145,0.014211311536879795,0.017701705436973587,0.021498034288788034
0.006082858925623957,0.008372364497251757,0.011059564499600527,0.014124386099079936,0.017593434000048026,0.021365793086527845
0.006055329190239282,0.008328176408650571,0.010995255145139852,0.01403780079886869,0.01748563521508834,0.0212342340016436
0.006027830896825523,0.00828420472755311,0.010931291266320205,0.013951873796225195,0.017378619258287372,0.02110362461506453
0.006000769622972279,0.008240227371947196,0.010867633310954349,0.013866439271938216,0.017272182781570094,0.0209743935505606
0.00597370166375303,0.008196482508483491,0.010804345451750583,0.013781746114067772,0.017165736143769962,0.02084583515963713
0.005946967721279206,0.0081531122754180535,0.010741414183212953,0.013697579719920545,0.017059591324121704,0.020718088777101823
0.005920501475638293,0.008110230423135143,0.010679074300238659,0.013614226097810168,0.0169540242571025,0.02059190636210855
0.005894113503435751,0.008067534010933627,0.010617132059200878,0.013531137586695307,0.0168489078364405,0.020465753242158068
0.005867697987867319,0.008024899474765437,0.010555668943980183,0.01344860174457493,0.01674424202290145,0.020339536863535537
0.005841347967727595,0.007982363826458786,0.010494503041934392,0.013366735100914823,0.01663981879302711,0.020214311393284872
0.005815168482012904,0.007940342561395091,0.010433668378703563,0.013285828621455338,0.016536056306127717,0.020090034757461222
0.005789122990761545,0.007898443073269817,0.010373479265277555,0.01320513168300722,0.01643302129824918,0.01996608721288405
0.005763296784187334,0.007856657302860014,0.010313563641464086,0.013124762170129827,0.016330274105031475,0.019842408045832885
0.005737653093270503,0.007815383583955123,0.01025409770061169,0.013044558156164354,0.016227718912508824,0.019720005127751176
0.005712265866137221,0.0077746010417541625,0.01019512168910474,0.01296538826366758,0.01612599355317242,0.01959859600284262
0.0056870607626434205,0.00773420682682472,0.0101364725168561,0.012886891228704973,0.01602559017800923,0.019477801450003846
0.005662035257294479,0.007694145452331934,0.01007844182314376,0.012809066598833766,0.01592602434677681,0.019358577548982167
0.0056369747766687635,0.007654273209177321,0.010020909893553923,0.01273165719913477,0.0158272213173729,0.019240622773946454
0.005612093200636331,0.007614695269056645,0.009963631392209665,0.012654872008802042,0.015729100276188814,0.019123546844826787
0.005587351968769867,0.007575314247867961,0.009906547779475921,0.012578982275344472,0.015631523885365466,0.019007675305236633
0.005562710300456475,0.007536038933104663,0.009850002567694097,0.012504242971032312,0.015535007119451097,0.01889286416088328
0.005538425055664567,0.007497131340185317,0.009793760616840994,0.012429880769506244,0.015439129567692287,0.01877897068078415
0.0055144101039448935,0.007458725264415199,0.009737749330329237,0.012356152771800672,0.015343145775386821,0.018665444085004444
0.005490422384981376,0.007420496497037254,0.00968209477401527,0.012283124245659664,0.0152477729735853,0.01855252381286811
0.005466537863803644,0.007382586387650499,0.00962677471873913,0.01221022203629733,0.015153346293045085,0.01844055285944965
0.005443071879723486,0.007345394233384553,0.00957192434908074,0.012138039254928845,0.015059756813415284,0.018330287437507937
0.005419685240109353,0.007308437342138914,0.009517655151800973,0.012066451550825818,0.014966931007804172,0.018220466288523942
0.005396290603711216,0.0072718577108503045,0.009464211951379857,0.011996083113860558,0.014875884183253515,0.018110931470252414
0.005372773236249279,0.007235420334552066,0.009411263471685817,0.011926105574920935,0.014785560754189893,0.018001128917349358
0.005349301203938691,0.007199079293034724,0.009358864809390167,0.01185679531989605,0.014696237183871141,0.017891895105105964
0.005325848421243763,0.007162955368763413,0.009306845199636711,0.011787907712842693,0.014608501505785665,0.01778314054711884
0.005302436764695859,0.007127061603514505,0.009255357461358334,0.011719631499125471,0.01452191432367816,0.017675039602123757
0.005279118281707387,0.007091521949086371,0.009204451776392833,0.01165192881170714,0.014435590967084876,0.017567842024523595
0.005255981407465916,0.007056049952384565,0.009154111571189878,0.011585035193959802,0.014349201257045969,0.017461991504967415
0.005232946708811988,0.0070206152116861755,0.00910414744245405,0.011518639005096216,0.01426388551327748,0.017356704518988932
0.0052100515023824606,0.006985500924213891,0.009054708800733672,0.011452493505121977,0.014179307070321999,0.017251416210723278
0.005187299595500489,0.00695075586898769,0.0090058611514775,0.011386558125898874,0.014095874494273802,0.017146883422637815
0.005164769024873101,0.006916205895556267,0.008957202610674767,0.01132078603403273,0.014013157595317228,0.01704230629540632
0.005142207634730696,0.006881699644759355,0.008908716304497662,0.011255535201765757,0.013931247856371938,0.01693771120204093
0.005119815097915129,0.006847440969870009,0.008860919688193783,0.011190288860680223,0.0138494268280089,0.01683378664164885
0.0050974595952455225,0.006813382164137675,0.008813633522138679,0.011125998777916882,0.013767738639480333,0.016730371051169524
0.005075138974078461,0.006779717658825158,0.008766856551674926,0.011062297926568989,0.013686523289376844,0.016627376576004944
0.005053027650264179,0.00674645093042271,0.008720480960080115,0.010999287744988182,0.013606195777778834,0.016525601143143557
0.0050311026471450675,0.0067134554859711966,0.008674494847729084,0.01093681991348108,0.013526649360724844,0.016424878526846504
0.005009405304751633,0.006680748280830704,0.008628847899290932,0.010874946119803447,0.013447840906274941,0.016325785455140407
0.004987985152794037,0.006648358249586852,0.008583810494935711,0.010813521528268887,0.013369846283081278,0.01622704680428286
0.004966775638536583,0.006616271284054671,0.008539107864529025,0.010752457413257173,0.01329205695155528,0.016128858114116917
0.004946100240594414,0.006584478190006004,0.008494718062588533,0.010691678999422806,0.013215114699908647,0.016031121477805513
0.004925460422218537,0.006552990199546151,0.0084505767647162,0.01063131280912122,0.013138849310706264,0.01593434261278221
0.004904832096052226,0.00652167350495626,0.008406968921396729,0.010571467263162887,0.013063343929280807,0.015838088028499665
0.004884260905436999,0.006490434380812493,0.008363725042353276,0.010511718313097917,0.012988526294649154,0.01574287723412272
0.004863782295026667,0.0064593077423556675,0.008320969007877248,0.010451783579081062,0.01291384857076746,0.015648363074578238
0.004843504374463293,0.006428368013343359,0.008278489809338043,0.010392293933517366,0.012839732044703457,0.015555265308480223
0.004823366805645287,0.006397486252822,0.008236325020059505,0.010333637944544663,0.012765921061127361,0.015463727849770714
0.00480332225953021,0.0063669927174425135,0.008194509510278837,0.010275563510987006,0.012692954184170066,0.015373564362654857
0.004783327656331332,0.006336573118030774,0.008153080501725004,0.010218277257836863,0.01262097634285465,0.015284403084598427
0.004763345576855025,0.006306483116265797,0.008111929504286967,0.010161457536607776,0.012549343249229758,0.015196539516680109
0.0047435085731749,0.0062764548071796815,0.00807115865300662,0.010105280192214376,0.012478339682523449,0.015110334165205184
0.004723854391630853,0.006246476309283321,0.008030488988859179,0.010049150071487335,0.012407903767648696,0.015025372604272601
0.004704217688408181,0.00621679826924248,0.007990328384245689,0.009993512104285857,0.012338068828804524,0.014940735006497364
0.004684605258759071,0.006187177886490764,0.0079506568980189,0.009938712152547154,0.01226872076434775,0.01485659264773234
0.004665242619297637,0.006158038723580162,0.007911227372988551,0.009884430764283735,0.012199840252015133,0.014773145311653933
0.004645958888310959,0.006129089507137206,0.007872081679920047,0.009830719602545522,0.01213119375562638,0.014690354270890967
0.00462656570984706,0.006100033750638784,0.007832919358739813,0.009777100584161426,0.012062723145647776,0.01460776328486137
0.004607316592501579,0.006071276478256085,0.007794101610958777,0.009724189794122037,0.011994651383288455,0.014525492844385158
0.0045884039033423476,0.006042860570070792,0.00775594348809917,0.009671705377677677,0.011927332390369824,0.014444609537870402
0.004569596667196596,0.006014667953914144,0.007718208760763513,0.009619771413831694,0.011860184135121719,0.01436467804803658
0.0045508606117223155,0.005986541730250875,0.007680612200852015,0.009568458128271251,0.01179364382988227,0.014284969043669465
0.004532271116385495,0.005958779572671472,0.007643257017033285,0.009517478403351282,0.011727158581968114,0.014206141595674187
0.004513752733215655,0.00593153867076986,0.007606086500419166,0.009466869252623987,0.011661110228252098,0.014128005539087187
0.00449538777058646,0.00590456219971423,0.00756925605100445,0.009416191362036,0.01159524385816408,0.014049730912326197
0.004476944002043636,0.005877553951334443,0.007532746013423014,0.009365967435700347,0.011530515519121851,0.013972223507358177
0.0044584044923858205,0.00585066879054823,0.007496431784341482,0.009316471459737768,0.011466391924587873,0.013895469257853685
0.004440054924432984,0.005823885229584614,0.007460222788349939,0.009267533118224385,0.011402773662939628,0.0138189233244741
0.0044219032756771266,0.005797308095197923,0.0074243369710925424,0.009219130646313238,0.011340176733982858,0.013742872550180543
0.00440406653983726,0.005771011824976337,0.007388639593465786,0.00917125196439324,0.01127803367414128,0.013667131943470901
0.004386358267322216,0.005744850763196078,0.007353339676744263,0.009123712073104183,0.011215780878785947,0.013591444569048768
0.004368633095261522,0.005719088202175018,0.007318427429118321,0.009076938533553474,0.011154417170133938,0.013516581377304932
0.004351005660740357,0.005693570442829529,0.00728387963928109,0.00903061300669084,0.01109385056385063,0.013442556922105607
0.004333371560387397,0.005668292462808767,0.007249332423071609,0.008985073853674945,0.011033597558911487,0.01336933976228676
0.004315857554069931,0.005643028837664131,0.007214815995684523,0.008940411558645627,0.010973835517700347,0.01329633987492087
0.004298449673826815,0.005617966721285485,0.0071806674427140876,0.008896403894715979,0.01091495646803139,0.013224691632025722
0.004281292933815384,0.005593077821089285,0.007146823634444329,0.008852943755648698,0.010856480118332299,0.013153818503173589
0.0042643351103016525,0.005568449290526526,0.007113452295918994,0.008809785090205044,0.01079838700284777,0.013083717775892467
0.004247440284832403,0.005543886786112651,0.007080208712614535,0.008766754112848128,0.010740724409833789,0.013014143994788778
0.0042306982138326345,0.005519371472676798,0.007046928961460045,0.008723930213775327,0.01068364171725431,0.012944974835529945
0.004213968779032626,0.00549501242671948,0.007013737587736943,0.008681541252049499,0.010627750137880037,0.012876747685737797
0.004197293407154269,0.005470710810385125,0.006980906828515625,0.00863943759472391,0.010572301913779994,0.012808368347139805
0.004180792471907138,0.005446622670673557,0.00694853486484139,0.008597496706967316,0.010517395954117945,0.01274090563959173
0.00416435967208375,0.005422693437067243,0.006916294874669842,0.008555779464357486,0.010462616220620894,0.012673550295850782
0.0041480174869033,0.005398898203694095,0.006884225662812864,0.008513964922745804,0.010408287261571057,0.012606401221532665
0.004131822729325647,0.0053751788990081956,0.006852383198612406,0.008472519412672092,0.010354183367911352,0.012539264412879425
0.004115836661961669,0.0053517980802475626,0.006820839499520831,0.008431210766671688,0.010300416603383572,0.012472746308278304
0.004099964687138336,0.005328621974412325,0.006789449010197852,0.008390024187839257,0.010247293532664027,0.012407074736255873
0.00408412782151163,0.005305540496366525,0.0067582131948628835,0.008349035636950015,0.010194407393910995,0.012341639368611997
0.004068364488390276,0.005282827025842442,0.006727385811267539,0.008308232803035377,0.010141848118527646,0.01227612862356359
0.0040526774261366895,0.005260276109378631,0.0066968320755937255,0.00826768593127775,0.01008971978570368,0.012211191093426256
0.004037164267751799,0.005237944620819446,0.006666779561509215,0.00822700235523055,0.010038074204082238,0.01214682869102702
0.004021828600678282,0.005215804890299223,0.006636756560669945,0.008186518205700212,0.009986695314809306,0.012082914266317272
0.0040067076749748095,0.005193867895342969,0.006606769069972364,0.008146363116302121,0.009935482080916278,0.012019034318573268
0.0039917122256952695,0.005172042791309135,0.006576895423717748,0.0081065381049005,0.009884972447911672,0.01195540706169103
0.0039767494920130864,0.005150408270573488,0.006547555905230684,0.00806746083709304,0.00983523445341492,0.011892495852630375
0.0039618477491220275,0.005129048541620835,0.006518456839892747,0.00802916237186464,0.009786243886957039,0.01183011551870825
0.003947127916119649,0.005107991072229149,0.006489482331004116,0.007991233428917137,0.009737486936668368,0.011768316826718401
0.00393249604735211,0.005086994687455205,0.006460697794962343,0.007953559329078565,0.00968901558140228,0.011707019859227523
0.003917938270384585,0.0050663029176526665,0.006432266746430915,0.007916423691008498,0.009640628166937991,0.011645596861707814
0.003903452186818441,0.0050457843337838384,0.006403979678723518,0.007879804462582024,0.009592532424495571,0.011584700279057277
0.0038890354811031307,0.00502541347807833,0.0063759667512392265,0.00784333546349971,0.009544587718778192,0.011524136933891043
0.0038745333755755033,0.005005123174062718,0.006348106795842953,0.007807202454058931,0.009497313593999315,0.011464703896189778
0.003859924543315145,0.004984956985681959,0.006320357332312577,0.007771183676135352,0.009450170294148706,0.01140559067804388
0.003845405014252531,0.004964942194905844,0.006292714031735701,0.007735213664394009,0.009403306724195763,0.011346919465364064
0.0038310946476569976,0.004945002030797895,0.006265375890424709,0.00769946070847501,0.009356853488441738,0.011289154096998507
0.0038169187482623435,0.004925251411356602,0.006238451708985408,0.007663978477100379,0.009310556487572355,0.01123158453843138
0.003802856896592986,0.004905629213133023,0.006211846190950918,0.007628810959025034,0.009264796533657516,0.011174430153868757
0.0037890035326060604,0.00488623587215617,0.006185327998330042,0.00759418349566684,0.009219624021934861,0.011117547842249699
0.0037752592966682056,0.00486687373332772,0.0061588604765755355,0.0075596280594210875,0.00917467489037956,0.011061049649818423
0.0037614731385793836,0.004847517718382408,0.006132681153738761,0.007525366606414547,0.009130118096474918,0.011004694228319109
0.0037476845213265057,0.004828190222553619,0.006106546934447522,0.0074914833376051445,0.00908623605577282,0.010948300532752997
0.0037340940736270084,0.0048089426343985294,0.006080573380222593,0.0074579751128426965,0.009042646765181695,0.010891764279746419
0.003720741083822561,0.004789980710780787,0.006054866422219057,0.0074248609234468166,0.008999487859767322,0.010835088661472715
0.003707577690165009,0.004771320057752423,0.006029267921042096,0.007392131922835516,0.008956345327556552,0.010778567527400605
0.0036944590505493965,0.00475261851179069,0.006003866791186107,0.007359684431982635,0.00891362499469753,0.010722993522128105
0.0036813907461839823,0.004733888826161959,0.005978762850104142,0.007327486592663791,0.008870939050790668,0.010668329407110839
0.003668521948546577,0.004715244664461851,0.005953752884580641,0.007295576595205646,0.008828520900780925,0.01061449242066228
0.003655711768217947,0.0046967780320869975,0.005928802084437915,0.007264019267521883,0.008786323946926813,0.010561238034466052
0.0036428849298596427,0.004678520992790286,0.005903896928629256,0.007232694935029484,0.008744140302892849,0.01050883019554981
0.003630171088868152,0.00466055721150694,0.005879028826715225,0.007201606543362553,0.008702547269318543,0.010456736958965821
0.0036175635649674585,0.00464275582143857,0.005854284470913281,0.0071707222611783715,0.008661029373760306,0.010405377888532854
0.0036050507236656732,0.0046250755046752055,0.005829856010338506,0.007140071259895978,0.008619660278691868,0.010353897581088928
0.0035925404486128526,0.004607426731163061,0.0058055346702378914,0.0071096732676917,0.008578465355974499,0.010302882091585404
0.003580037333094382,0.004589996583454064,0.005781198457242577,0.0070793893719717374,0.008538189907517256,0.010252100317421851
0.0035675588539526228,0.004572612907573533,0.005756978918364974,0.007049325814376375,0.00849825398998581,0.01020195644999956
0.0035550903140895325,0.004555395169331978,0.0057330684322080975,0.007019387237717562,0.008458548729858595,0.010151954083248956
0.003542702777572686,0.004538309979221964,0.005709248448560717,0.006989648924941687,0.00841894660385932,0.010102353030740821
0.0035303630616873366,0.004521246436878127,0.005685513161072115,0.006960038437773144,0.008379814374620572,0.01005363120542415
0.003518102086094071,0.004504354116093883,0.005661906042842388,0.006930426696083075,0.008340911836622566,0.01000476832222806
0.0035059870385884275,0.0044875930506595866,0.005638466564651303,0.0069007434707829465,0.008302488666792923,0.009955827647424564
0.0034938521320391942,0.004470853630575829,0.005615085211159899,0.006871230638954963,0.008264421206669825,0.009907281033550475
0.003481688013502422,0.004454191619987776,0.005591753004634225,0.006841846314373133,0.008226646407002111,0.009859610841546516
0.0034696107378466875,0.0044376084827480984,0.005568712863977864,0.006812753472613265,0.008189053485180137,0.009812144815908044
0.003457597626665254,0.004421170694246284,0.005545691317314132,0.0067838686136432935,0.008151732555227616,0.009765082937633257
0.003445750148325816,0.004404816102676813,0.005522922312584307,0.0067554520150120935,0.008115063780850518,0.009718099479777732
0.003434028895959455,0.004388539543992834,0.005500197410474754,0.006727445030443339,0.008078900494459473,0.009671092810841076
0.0034223524708763926,0.004372279750174409,0.005477731038281497,0.006699698963243377,0.008043158265264815,0.009624434146506981
0.0034106946166058984,0.0043561094799577475,0.00545541181013231,0.006672164157354974,0.00800732502424612,0.009577887071344665
0.003399060300087669,0.004339964956788971,0.005433257854591283,0.0066448265387832805,0.007971826544954791,0.00953141243327313
0.0033875230699221812,0.004323876568843204,0.005411235304362358,0.006617630775610682,0.007936975829432952,0.00948557503404442
0.003376030172415283,0.004307925686326366,0.005389451586273574,0.00659070000696061,0.007902192485925922,0.009440007372691765
0.0033647112869506592,0.0042919758232822375,0.005367944280501557,0.006563826985996916,0.007867453798556074,0.009395234262378023
0.003353509536876264,0.004276042852832141,0.005346513765394526,0.006537326587802917,0.007832875293894962,0.009351219147887682
0.003342419546992529,0.004260098128145536,0.005325074217738271,0.006510926706246676,0.007798409020097822,0.009307908602365057
0.0033313040888020232,0.004244215633371536,0.005303809910663168,0.006484807555408708,0.007764464163093041,0.009265420471953764
0.0033202160067832154,0.004228414196315314,0.005282580181577685,0.006458874181346411,0.007730850035542674,0.00922361956705371
0.0033092524720171575,0.004212721553282016,0.005261786842975303,0.006432944700543294,0.0076974746171982215,0.009181762311641944
0.003298292210016308,0.004197127057713752,0.0052411476043512355,0.006407139633109813,0.007664237999644685,0.009140028673045175
0.003287349856984135,0.0041817324077455115,0.005220683315038359,0.006381385552965229,0.007631280379835845,0.009098347562882582
0.0032765716743487785,0.004166350426281682,0.005200365688774813,0.006355887828430952,0.007598466754499638,0.009056960123073974
0.003265882331416111,0.004150963210059313,0.005180134577796871,0.006330559145245594,0.007565791209429155,0.009015767141420989
0.0032553179585330934,0.004135664092546004,0.005159975740003812,0.006305390635258019,0.007533324901366889,0.008974717232282518
0.003244826870787751,0.00412033982779104,0.005139958023483452,0.0062805744975143445,0.007500820504181971,0.008934140201982282
0.003234370639907038,0.004105244515475452,0.00512036098783213,0.006256165055316362,0.0074684616724452774,0.008893732772980155
0.0032238696838345123,0.004090393785528817,0.005101116908043185,0.006231858869103943,0.007436195691817956,0.00885348253248764
0.0032134405009601815,0.00407558597031742,0.005082063617477035,0.006207639931820557,0.007404125268888061,0.008813886691643152
0.003203047192650701,0.004060857780583404,0.005063067934039466,0.006183482121829873,0.007372511609372497,0.008774933773533002
0.0031927356246841112,0.004046291170903184,0.005044135892898334,0.006159416258069915,0.0073410878175370065,0.008736024519415608
0.003182491793301364,0.004031826555892617,0.0050252478722581624,0.006135484201803291,0.0073098667611985295,0.008697058484828995
0.003172386622596247,0.004017435627558686,0.005006472457182396,0.006111597331416438,0.007279184695363465,0.008658499552474061
0.0031624216203055967,0.004003251183804713,0.004987641281632763,0.006087925754285126,0.0072490674803951174,0.008620332975918531
0.003152468598723443,0.003989121373850685,0.004968956989176405,0.006064338994796356,0.007219274099579301,0.00858254631197761
0.003142582042868518,0.003975013089648405,0.004950314106923859,0.006040790272330282,0.007189862651398213,0.008544919039128733
0.003132777126355827,0.003960931901442625,0.004931696473719661,0.006017285000429206,0.007160559069382983,0.008507845120273754
0.0031230657198572888,0.003946799854597567,0.004913385932321327,0.005993870637791675,0.007131431376683218,0.008471679876378821
0.0031133953590040935,0.003932655481011638,0.00489530758634482,0.00597091840845273,0.007102640918407351,0.00843563481807227
0.0031037205915371503,0.003918479388380561,0.004877421366085691,0.005948039471935105,0.00707415346626916,0.008399819575012008
0.003094085605538986,0.0039044667820364583,0.004859664945844112,0.005925215427346991,0.0070458741929477235,0.008364249121867796
0.0030844117447249024,0.003890580473000994,0.004842051401863403,0.00590258813481832,0.007017969751238705,0.008329202376056832
0.003074734452637139,0.0038767179980867443,0.00482443665111966,0.005879969682970287,0.006990326315063605,0.008294106961511909
0.0030651582916261903,0.0038630896072355684,0.0048069339230519805,0.005857565630366268,0.006962865466704475,0.008259211323971229
0.0030557267191592178,0.0038495330074748524,0.004789605795905265,0.005835548560777546,0.0069355554863921205,0.008225312755950627
0.0030463291515542847,0.003836046947253605,0.004772597283747095,0.005813717246235147,0.006908293168498221,0.008191883464429185
0.003037005710973285,0.0038226397803579476,0.004755676988774765,0.0057918637189694816,0.00688115338126188,0.008158465802002225
0.003027737032439471,0.0038092691230432307,0.004738724852256204,0.005770126533138358,0.006854184024802709,0.008124912235508753
0.0030184984683133786,0.003795953403328664,0.004722015260933915,0.005748469726641295,0.006827528367018556,0.008091269596650068
0.003009300519237524,0.003782690596250749,0.004705424386682441,0.0057270010485987195,0.006800869056092899,0.00805814251789465
0.003000129910101682,0.0037694336969122983,0.004688811091090375,0.005705735009108287,0.006774427186465267,0.008025818999607214
0.0029909480722216356,0.0037563379596771383,0.004672193638864978,0.0056845659193665065,0.006748228007783833,0.007993955394740336
0.00298180540371977,0.003743273806633429,0.00465563472661482,0.005663383026124401,0.006722367547075103,0.007962278675059895
0.0029727310333539534,0.0037302023373354744,0.004639134648135574,0.005642289720439259,0.00669649112613851,0.007930424554031288
0.002963720393700962,0.003717320122866262,0.004622709031141742,0.005621146679290401,0.006670780692718,0.00789852026618429
0.0029548389336593044,0.0037044767082005693,0.004606240108837659,0.005599970608335034,0.006645264213635982,0.007867332865622391
0.0029459616284722885,0.0036918964433712556,0.004589914496823896,0.0055788157800287065,0.006619817915830272,0.00783638641863586
0.002937196607970543,0.0036796204311532166,0.004573819925512078,0.005557723975695004,0.006594799668018596,0.007805487610025144
0.002928595498283439,0.0036675331484840013,0.004557858251127102,0.005536777903305153,0.006569905195794925,0.007774894964669178
0.0029200358769397596,0.0036555232065075133,0.004541972287929212,0.005515900157428494,0.006545385540515055,0.007744498576903025
0.002911567317981547,0.0036436007117591467,0.004526297205848231,0.005495153393873776,0.006521284414672923,0.007714361330528163
0.0029030628343800283,0.003631704693995115,0.004510642423071343,0.0054745090123452895,0.006497197076950874,0.007684424324608839
0.002894579834420069,0.0036198847226864353,0.004494958039403446,0.005453827573428261,0.006473232374524466,0.007654551161153483
0.0028861331601421135,0.0036082281678413335,0.00447935711040296,0.005433210724989935,0.006449327187220275,0.007624588915498752
0.002877741763878421,0.003596708894597064,0.004463755550409853,0.005412837604578426,0.0064252716133717455,0.007594906585090674
0.0028694818885763407,0.0035853400165202823,0.004448233647450862,0.00539264416407035,0.006401307598578301,0.007565378259164298
0.0028613359598316963,0.003574035576784774,0.004432672093122862,0.005372620509742674,0.006377553518719753,0.007535781592304308
0.0028531848149069543,0.003562805060759264,0.004417212410720455,0.005352875350114562,0.0063540883761319545,0.007506692614252953
0.002845014645462938,0.0035516611134891315,0.0044016236947683725,0.005333346869132414,0.006330663730936225,0.00747768229337984
0.002836820075555041,0.003540599852755022,0.0043859483720755515,0.005313860200830218,0.006307463047969559,0.007448814105803043
0.0028286732774818863,0.003529584481278056,0.004370224490182947,0.005294376303302406,0.006284344717752014,0.007420152771318649
0.002820587284456366,0.0035186273888150685,0.004354480176453492,0.005274838682400324,0.006261127084409467,0.007391843543793969
0.002812560329311584,0.0035078351743453666,0.004338787908916356,0.0052553246568720945,0.006238058773034995,0.00736370287180972
0.0028045463973427427,0.003497130742267162,0.004323130169505202,0.005235944360544242,0.006215148551662436,0.007335983110385664
0.0027965508145601672,0.0034865353272686126,0.004307591266732575,0.005216749537968001,0.0061924405358233705,0.007308325909733814
0.0027886124830494075,0.003476014371778012,0.0042921105963031,0.005197663491681697,0.006170077074437631,0.007280813507219692
0.002780688959057187,0.0034655134838171894,0.004276770676302928,0.005178734690039265,0.006148039920250301,0.0072533490912816845
0.0027728077331977555,0.003455116612942825,0.004261698236049973,0.005159927969364623,0.006126062587566573,0.007225907834052054
0.002764919833638376,0.003444794040608444,0.004246789982809263,0.0051411810433123215,0.006104283437545676,0.007198592657503671
0.002756984506620897,0.0034345825055984085,0.004232067922560024,0.0051223431520437184,0.006082626064887692,0.00717139115804309
0.0027490282473109696,0.0034244297750940338,0.004217417907564697,0.005103358721179692,0.00606107454312846,0.007144245986817611
0.0027411372316211743,0.003414385989050691,0.004203027325092003,0.005084383812285216,0.006039541380567982,0.007117139897046188
0.002733289722787328,0.003404358256905464,0.004188722338515845,0.0050653289708170865,0.0060179300693049675,0.0070905174062345444
0.002725449292895248,0.0033944122354200453,0.004174684169745908,0.005046474650747866,0.005996537489794214,0.007064143966542317
0.0027176184990335287,0.0033845071153319633,0.004160634980401058,0.005027848692954918,0.005975440388690085,0.007037931033385565
0.0027098084845012765,0.0033746502738301334,0.004146479763338806,0.005009400080255235,0.005954467347095296,0.0070115554056510866
0.00270204515315081,0.003364867709539286,0.004132345884213336,0.004991154741493254,0.005933573026269965,0.006985179837677306
0.0026943315049264443,0.003355027570119323,0.004118224747037464,0.0049732036143547206,0.005912957452100525,0.006959411129873345
0.0026866916241857788,0.003345317329775165,0.004104358585688095,0.004955605500300323,0.005892463163558654,0.006933908914399674
0.002679114040283828,0.0033356147859496246,0.004090564298338502,0.0049382417211535886,0.0058723556576097775,0.0069084808506392195
0.0026715329681293817,0.00332598502640165,0.004076916031900725,0.0049211128070629495,0.005852255457419039,0.00688310485358365
0.0026639108033583657,0.0033163337238307227,0.004063354472478316,0.004904163367493922,0.005832067606168712,0.006858064916870647
0.002656333365049675,0.0033067497861284244,0.004049879568391644,0.004887275371808746,0.005811858938656343,0.006832969043337991
0.0026488074017621465,0.0032972162040462096,0.004036398239932834,0.004870570439384784,0.00579171768934897,0.006808043119225123
0.002641284860490509,0.003287854548598886,0.004023034135260659,0.004853965023252036,0.005771798856794863,0.006783149939130027
0.0026338921025595083,0.0032784713860371088,0.004009673195103892,0.004837413835516135,0.0057520436602891516,0.006758164802676436
0.0026265849216825384,0.003269156972115889,0.003996304662269195,0.004821138776981485,0.005732512167728883,0.006733170839174126
0.002619276865302776,0.0032599102239229028,0.00398295385621151,0.0048050461296426485,0.005713005239158304,0.006708337855413031
0.002611964706113215,0.00325076306476758,0.003969607487794821,0.004788966549656442,0.005693626999119806,0.006683789511716798
0.0026047291332994965,0.003241694800285285,0.003956246007752326,0.00477284243555869,0.005674371144469286,0.006659752120265369
0.0025975644255058794,0.0032326818989050093,0.003942957399263409,0.004756724235490012,0.005655184696138257,0.006635749773949785
0.002590432385128972,0.0032236396093842626,0.003929672815149067,0.004740650672405009,0.005636206987749806,0.006611779504956474
0.002583436885894822,0.0032145184135256733,0.003916459138920652,0.004724695727196869,0.0056171231109477665,0.006587933976330642
0.0025764715596174655,0.003205432077093713,0.0039032330900312094,0.004708815784995445,0.005597959713314413,0.0065644215068808775
0.002569488222022504,0.003196303387096715,0.0038902549310388373,0.004693054706105913,0.0055787958117151015,0.006541145456422142
0.0025624784517914046,0.0031872587171416925,0.003877399016138837,0.004677226858812422,0.005560003221130102,0.0065182503126452
0.0025554609357565632,0.003178271510579995,0.00386475074320383,0.004661502802709905,0.005541395690194656,0.006495399766003497
0.002548507775406985,0.003169334113738694,0.0038523295610525714,0.004645853325956492,0.005522900779467694,0.006472708722746663
0.0025416018468821158,0.003160339496313579,0.0038399847559173416,0.004630375578248122,0.005504426184584692,0.006450163076603245
0.0025348033113587014,0.0031513862157207914,0.0038277580730526747,0.00461498436379582,0.005486088529541035,0.006427616628648122
0.0025280328400431903,0.003142409562209568,0.003815660442380136,0.004599661098015503,0.005467772098457302,0.0064051342494661385
0.002521441299105161,0.0031334002294595336,0.0038036591884901623,0.00458446011328562,0.005449383746098516,0.006382896185260234
0.0025148879464608194,0.003124419952546098,0.0037917563104846335,0.004569309653123327,0.005431073223020577,0.006360799478458357
0.0025084428370361063,0.0031154101183929225,0.0037799474267570144,0.004554214746246981,0.005412743196235182,0.006338849246769423
0.0025020386114790786,0.0031064697884717533,0.0037681426112144804,0.0045390816290597985,0.005394384958387124,0.006317337666213964
0.0024956995015460682,0.0030975300371873372,0.0037563482555422073,0.004523957357127826,0.0053761756172564295,0.00629621897911924
0.002489396211989426,0.0030886122946811047,0.0037445034768970667,0.004508924395449821,0.005357977228196484,0.006275044193464191
0.0024831128894443576,0.003079739336388236,0.0037327269105802787,0.004494016633222741,0.005339793205298265,0.00625379440343103
0.0024768155668971324,0.0030709669348456103,0.003721016599349902,0.004479493340858173,0.0053216283543993,0.006232579920752022
0.0024704912842768104,0.0030621866971933033,0.0037094649648373424,0.004465082232965329,0.005303619043690565,0.006211526454737547
0.002464186462231111,0.003053438886997628,0.0036980502752657816,0.004450593415088187,0.0052857549953254195,0.006190579363168884
0.0024579639888289307,0.0030446725181470184,0.0036868398170787076,0.004436247701650866,0.005267953046061612,0.00616964455025207
0.002451706861615037,0.0030358366172890255,0.0036758763874036606,0.0044220626965351135,0.00525028593932542,0.006149010571116947
0.002445523110359338,0.0030269806071958425,0.003664927938013127,0.004407810678102996,0.005232549646876299,0.006128515217128892
0.0024394306202563374,0.003018060787584113,0.003654080364830338,0.004393712291174016,0.005214805869934351,0.0061083536056115205
0.0024333777386146183,0.003009166790573106,0.0036432412530842733,0.00437969943524782,0.005197062712738933,0.006088246743448861
0.002427356299832646,0.0030003233311745956,0.003632552321722122,0.004365817099180799,0.005179514593576101,0.006068181854683235
0.0024212755126837974,0.0029914719722706094,0.003622030945856987,0.004351951191557014,0.005162009818497462,0.00604831202422721
0.0024151605323142985,0.0029827110478578243,0.0036115408342943744,0.004338181120099426,0.005144562590918799,0.006028512866281192
0.0024090152204939716,0.0029739904620577295,0.003601158917422165,0.004324412682801728,0.005127354622767403,0.006008950945664101
0.0024029178383002357,0.0029652351582935897,0.003590830977664826,0.0043105975041926965,0.005110162331448189,0.005989311046782017
0.002396950745870708,0.00295648222261623,0.003580572310798173,0.00429671877342656,0.005092961827938846,0.0059696878283379455
0.0023910140967822076,0.0029477733290516543,0.003570418798257883,0.004282807330901297,0.005075787959576597,0.005950045974590839
0.0023851250104430137,0.0029390613343545967,0.0035602526927533623,0.004268798407683404,0.0050586126656029925,0.005930799254759391
0.002379300146355889,0.002930463160674664,0.0035501337654122267,0.004254783427727107,0.005041359023580855,0.005911746008834794
0.002373480066983324,0.00292196633404615,0.003540006295259535,0.004240759393074277,0.005024474400471076,0.005892609416362848
0.002367714154149187,0.0029135122128327116,0.003529851893587596,0.004226755854848156,0.005007457002398354,0.005873573404568291
0.002361995708145005,0.0029050161067484407,0.00351974407401381,0.004212739816173182,0.0049905801914735945,0.005854501450611618
0.002356287460883143,0.002896513790423573,0.0035096642689792282,0.00419884592170339,0.004973858302235206,0.0058356782107313356
0.0023505204968755364,0.0028880708304742826,0.0034995885062726884,0.004185085612858388,0.004957017282500276,0.005816785026486957
0.0023448302721492307,0.002879679406803045,0.003489575708910815,0.0041713754367618105,0.0049401179075087105,0.005797876710323703
0.0023391663142046186,0.002871404951838576,0.003479642837549658,0.004157664084101945,0.004923262388470067,0.005779020361218891
0.002333604194392563,0.00286305821721967,0.0034698044637259057,0.004144091198863694,0.0049065632149210255,0.0057602728803933904
0.0023280736024679153,0.0028547457175075626,0.0034598818140587403,0.0041306581980469145,0.004889806993023257,0.005741527686542702
0.0023225401785926434,0.0028466037704372917,0.003449972035874891,0.004117433432986402,0.004873343532733374,0.005722990953906568
0.0023170195362674263,0.0028385740187932655,0.0034401496466171812,0.004104459219905975,0.0048569359702244855,0.005704563614972564
0.002311522850838233,0.0028306161940337537,0.0034303740409233605,0.004091489120955096,0.004840516542972057,0.005686200370140451
0.002306065164038937,0.0028226829076635172,0.0034205975351610973,0.004078491833625592,0.004824328579392969,0.005667845889189068
0.002300586309392267,0.0028147433317422983,0.0034108757394113926,0.004065427013031129,0.004808326008540484,0.005649649492514204
0.0022950735559540587,0.00280679519256231,0.0034013778264411487,0.004052370792090283,0.004792423069866825,0.00563167535536567
0.002289650587797176,0.0027988490284293634,0.0033919821687306492,0.0040392965433362375,0.004776782155794245,0.005613908921105497
0.0022842340949726465,0.00279093306660037,0.0033825782899254806,0.004026263665753012,0.004761294918049701,0.005596099865086996
0.0022788463608586444,0.0027830108831283203,0.003373173545862687,0.00401329585824786,0.004745868061575061,0.005578359469746832
0.002273445382158924,0.002775196181757309,0.003363849396293742,0.004000497809792422,0.004730432163819174,0.005560585317392982
0.0022680025262488816,0.002767420923174155,0.003354665607094162,0.003987883046677916,0.00471494062926529,0.005542774549379174
0.0022626133016896612,0.0027596848485860193,0.0033455216820097063,0.003975447880337522,0.004699607267551869,0.005525033336375955
0.0022572505296280907,0.0027520343463599984,0.0033364602673890747,0.003963108043383201,0.004684392414672124,0.0055075113862132555
0.00225187911300176,0.002744419002763834,0.003327452526610145,0.003950945744019305,0.0046692051157000815,0.005490014875717392
0.0022464726384832825,0.00273679911202789,0.003318513810364446,0.003938993768375972,0.004653968666002566,0.005472421986615286
0.0022410794057371552,0.0027292857129388075,0.003309716704434011,0.0039271133210532026,0.004638888065414594,0.005454723856467822
0.00223579885972387,0.002721849300962542,0.0033009575125535714,0.003915246674362722,0.004623972461668433,0.005436934214829328
0.0022305136259889976,0.002714481991740323,0.0032922576184689287,0.0039034599364771005,0.004609172972438392,0.005419472909793002
0.00222531470900845,0.0027072854769869125,0.0032835655397328543,0.0038917406437913695,0.004594639656674271,0.0054021445415595015
0.002220156319880457,0.00270012258212884,0.0032747457918396697,0.0038799635953727005,0.0045802448158558965,0.005385129973521854
0.0022149669123213154,0.0026929993821603786,0.0032659450244980803,0.0038681415081904483,0.0045658415083569244,0.005368291934499316
0.0022097823344169815,0.002685967884068628,0.0032570520782820816,0.003856324253797703,0.004551809121531715,0.0053516564296133984
0.00220462629922301,0.0026790028067276515,0.0032480706366278286,0.0038446597798994287,0.004538101103751778,0.005335365210346929
0.002199471424302725,0.002672087031256177,0.0032390326220866563,0.0038330870570208,0.004524479387380938,0.005319188025652657
0.0021942892579111866,0.002665231601795518,0.003229957767159238,0.0038216147203633385,0.004510882635381857,0.005302851854109873
0.0021890944229759,0.002658391858422081,0.0032208899253236404,0.0038102850430615917,0.004497193327795979,0.005286377867719853
0.0021838713447760367,0.0026515527262152465,0.003211850135020465,0.0037991520975989364,0.004483523894468067,0.0052698097504443545
0.0021786937010045255,0.0026447453986582774,0.003202944979251364,0.003788140590276027,0.004469929729307004,0.005253248144298858
0.002173559103455332,0.0026379949407979715,0.00319412549536835,0.0037771239207618343,0.004456277926974679,0.005237029736194343
0.002168481050004304,0.002631345208309818,0.0031852627181149467,0.0037661093998603086,0.00444281688367059,0.005221008514073927
0.0021634069184344215,0.002624723710019665,0.0031764396805722185,0.003755026136722806,0.004429330699708338,0.005205145329668941
0.002158321524188663,0.002618128939042582,0.003167647543341555,0.0037441235217680916,0.00441604304315943,0.005189144673339487
0.0021532470551790875,0.0026115729044509663,0.003158938580810871,0.003733262228480091,0.004402768267893698,0.005173146033354527
0.0021482074142874057,0.002605122547859731,0.003150302232652987,0.003722471585318172,0.004389513448388484,0.005157210511958386
0.0021431610764179724,0.0025987579256825694,0.0031416597583504183,0.0037118957442821756,0.004376216890188729,0.005141276587593049
0.0021381331486853192,0.0025924499960654672,0.0031329496885512116,0.003701366412846344,0.004362993873492706,0.0051252475524137964
0.0021331203816723544,0.0025861152797328943,0.003124244888811635,0.0036908280020623552,0.004349776237244772,0.005109615251840212
0.002128142026495917,0.0025798075472707066,0.0031155319242466123,0.0036804212434454414,0.0043365324578757535,0.005094275518183523
0.0021231863446175532,0.0025735291660995393,0.003106871306577404,0.003670031535723741,0.004323234305431068,0.005079522773686352
0.0021182252109220893,0.00256723495234979,0.003098234329647227,0.0036597554733259615,0.004309992499879778,0.005064856467001054
0.002113303084682701,0.0025610278938901334,0.0030897166180132323,0.0036494595399300563,0.0042969453737922705,0.005050226960362993
0.002108373581071839,0.00255483419299173,0.003081279726231816,0.00363920065119529,0.0042840714480388235,0.005035604345611422
0.0021034500134152465,0.0025486053390702135,0.003072928805791557,0.0036290362745953096,0.004271334569867658,0.0050209565524382835
0.0020985746958008763,0.0025424982229254305,0.003064656664968545,0.003618867757643226,0.004258738754676004,0.005006309787768396
0.0020938151994383874,0.0025364485776704425,0.003056436717919424,0.003608757949017072,0.00424640540478486,0.004991848293940511
0.0020891033303236826,0.0025304014323460737,0.0030482698345970344,0.003598617076508308,0.004233997460796265,0.0049775257820710095
0.002084419509513281,0.0025243821227656123,0.0030400938875208483,0.003588555492297266,0.004221563854517106,0.004963260973726011
0.0020797526531763618,0.00251837744259979,0.0030318924393795254,0.0035784680028706235,0.00420926412168378,0.0049489142211822474
0.0020750921362042672,0.0025124447638986483,0.0030237393981074863,0.00356847008109479,0.004196999249848764,0.0049347081869421765
0.002070422847011942,0.0025065191094107552,0.003015668539494426,0.0035586083914416846,0.0041848120887206354,0.004920457500498593
0.0020657471672837855,0.002500659526475302,0.0030076561259073627,0.0035488674345580348,0.004172839688846777,0.0049064058991553075
0.0020610668554702097,0.0024948389932042954,0.0029996279549240772,0.003539344758837078,0.004160908914752677,0.0048924866825532385
0.0020564165402415075,0.0024890863853201067,0.0029916448873692687,0.0035298836089217027,0.004148949568791624,0.004878605751908737
0.002051837485882557,0.0024834426333747673,0.002983760567230907,0.0035204868436165,0.004136899201703482,0.004864607238243752
0.002047330793772266,0.002477808640900338,0.002975905572794093,0.003511198347384498,0.004124853554172312,0.004850783228498978
0.0020428586951087967,0.00247210425445543,0.0029681374565787475,0.0035019834749743855,0.004112882189760127,0.004836918458020528
0.0020384337748343344,0.002466453000240859,0.002960422629277598,0.0034928106840795502,0.004100886236000111,0.004822931498968858
0.002034029926152488,0.0024608818296570386,0.002952693766640193,0.0034836564724960634,0.004088949853263623,0.004809100880504175
0.002029630615751719,0.0024553728794034775,0.0029449887822557016,0.003474529209079463,0.004076990750514295,0.004795396051097966
0.0020252395965484086,0.0024497832251193278,0.002937365023158769,0.0034654318576536392,0.004065228667874159,0.004781722357161411
0.0020209256216640868,0.002444155037873695,0.002929783053499506,0.0034563183435928958,0.004053672841586814,0.004768149646159738
0.0020166154199495593,0.0024385485230879445,0.0029223244565998625,0.0034472946787434075,0.0040423016290681854,0.0047546412554905935
0.0020123088980524132,0.0024329669099179044,0.002915013259275272,0.0034383636471837383,0.0040308848155668495,0.004741038574962518
0.0020079955873408776,0.002427438829574809,0.0029077483678927774,0.0034294552934329508,0.004019747823671215,0.004727239405421595
0.002003680614733404,0.0024219298007568425,0.002900528988766507,0.003420603401576547,0.004008665440414411,0.00471342809106385
0.0019993715878793526,0.0024164240002623413,0.0028933365510694048,0.003411836894512355,0.003997556061249603,0.004699744180897166
0.0019950979227912184,0.0024109521590587315,0.002886138920217595,0.003403078299348839,0.003986401037766928,0.00468633669758215
0.0019908599070043247,0.002405516819015566,0.002878964617052452,0.00339439670389852,0.003975492442507113,0.004673205660411089
0.0019866453650117643,0.0024001748010413263,0.002871783208511799,0.0033857711081332334,0.003964786868166834,0.004660066748177163
0.001982449940522221,0.002394870811743031,0.002864646722973967,0.00337719644424536,0.00395417788032887,0.0046469228030880955
0.0019782968270339735,0.0023895213282965487,0.00285757249548234,0.0033687170301387537,0.0039436805541938225,0.004633676152489742
0.001974184569178518,0.0023841808646353755,0.0028505383607760598,0.003360242207904713,0.003933126931974294,0.00462042753607459
0.0019700846710554135,0.002378877302010138,0.0028436218182995793,0.00335180717715587,0.003922741619808509,0.004607101735641664
0.0019659454226867963,0.0023736295859913903,0.002836744373473288,0.003343428527549149,0.0039123673524377196,0.004593652057920113
0.001961790734905664,0.0023684278848762953,0.0028298575791930996,0.003335030994409764,0.003901971563047224,0.004580228128296344
0.0019576621975210084,0.002363251143826599,0.0028230227763386224,0.003326598691116399,0.003891631333015205,0.004566946179650044
